<?xml version="1.0" encoding="UTF-8"?>
<project-private xmlns="http://www.netbeans.org/ns/project-private/1">
    <editor-bookmarks xmlns="http://www.netbeans.org/ns/editor-bookmarks/2" lastBookmarkId="0"/>
    <open-files xmlns="http://www.netbeans.org/ns/projectui-open-files/2">
        <group>
            <file>file:/D:/K17/PRo192/PRO192-CarManagement/src/com/carmanagement/Menu.java</file>
            <file>file:/D:/K17/PRo192/PRO192-CarManagement/src/com/carmanagement/Brand.java</file>
            <file>file:/D:/K17/PRo192/PRO192-CarManagement/src/com/carmanagement/Car.java</file>
            <file>file:/D:/K17/PRo192/PRO192-CarManagement/src/com/carmanagement/CarList.java</file>
            <file>file:/D:/K17/PRo192/PRO192-CarManagement/src/com/carmanagement/BrandList.java</file>
            <file>file:/D:/K17/PRo192/PRO192-CarManagement/nbproject/build-impl.xml</file>
            <file>file:/D:/K17/PRo192/PRO192-CarManagement/src/com/carmanagement/CarManager.java</file>
        </group>
    </open-files>
</project-private>
